,Team,W,L,T,win_pct,win_loss_diff,PF,Year,Player,Cap Number,Cash Spent,Position
0,Patriots,12,4,0,0.75,8,420.0,2019,James White,4625000,3218750,running-back
1,Patriots,12,4,0,0.75,8,420.0,2019,Julian Edelman,6077615,11000000,wide-receiver
2,Bills,10,6,0,0.625,4,314.0,2019,Frank Gore,2000000,2000000,running-back
3,Bills,10,6,0,0.625,4,314.0,2019,Cole Beasley,6900000,11368750,wide-receiver
4,Jets,7,9,0,0.438,-2,276.0,2019,Le'Veon Bell,8968750,14468750,running-back
5,Jets,7,9,0,0.438,-2,276.0,2019,Jamison Crowder,6781250,9000000,wide-receiver
6,Dolphins,5,11,0,0.313,-6,306.0,2019,Myles Gaskin,509895,575226,running-back
7,Dolphins,5,11,0,0.313,-6,306.0,2019,DeVante Parker,6900000,14500000,wide-receiver
8,Ravens,14,2,0,0.875,12,531.0,2019,Mark Ingram,3333333,6000000,running-back
9,Ravens,14,2,0,0.875,12,531.0,2019,Marquise Brown,2143153,7087612,wide-receiver
10,Steelers,8,8,0,0.5,0,289.0,2019,Benjamin Snell Jr.,670517,1197068,running-back
11,Steelers,8,8,0,0.5,0,289.0,2019,Diontae Johnson,778357,1628428,wide-receiver
12,Browns,6,10,0,0.375,-4,335.0,2019,Nick Chubb,1677976,815595,running-back
13,Browns,6,10,0,0.375,-4,335.0,2019,Odell Beckham Jr.,17000000,16750000,wide-receiver
14,Bengals,2,14,0,0.125,-12,279.0,2019,Giovani Bernard,5316666,5900000,running-back
15,Bengals,2,14,0,0.125,-12,279.0,2019,A.J. Green,15176000,12176000,wide-receiver
16,Texans,10,6,0,0.625,4,378.0,2019,Lamar Miller,7203125,5500000,running-back
17,Texans,10,6,0,0.625,4,378.0,2019,DeAndre Hopkins,14000000,12500000,wide-receiver
18,Titans,9,7,0,0.563,2,402.0,2019,Dion Lewis,4862500,4300000,running-back
19,Titans,9,7,0,0.563,2,402.0,2019,Adam Humphries,5000000,12375000,wide-receiver
20,Colts,7,9,0,0.438,-2,361.0,2019,Jonathan Williams,720000,720000,running-back
21,Colts,7,9,0,0.438,-2,361.0,2019,T.Y. Hilton,15000000,13000000,wide-receiver
22,Jaguars,6,10,0,0.375,-4,300.0,2019,Leonard Fournette,7404786,2933262,running-back
23,Jaguars,6,10,0,0.375,-4,300.0,2019,Marqise Lee,9234375,7531250,wide-receiver
24,Chiefs,12,4,0,0.75,8,451.0,2019,LeSean McCoy,3000000,3000000,running-back
25,Chiefs,12,4,0,0.75,8,451.0,2019,Sammy Watkins,19200000,12200000,wide-receiver
26,Broncos,7,9,0,0.438,-2,282.0,2019,Theo Riddick,2468750,2500000,running-back
27,Broncos,7,9,0,0.438,-2,282.0,2019,Courtland Sutton,1554984,790997,wide-receiver
28,Raiders,7,9,0,0.438,-2,313.0,2019,Josh Jacobs,2169709,7193836,running-back
29,Raiders,7,9,0,0.438,-2,313.0,2019,Tyrell Williams,10100000,10100000,wide-receiver
30,Chargers,5,11,0,0.313,-6,337.0,2019,Melvin Gordon,4615882,4615882,running-back
31,Chargers,5,11,0,0.313,-6,337.0,2019,Keenan Allen,12150000,10250000,wide-receiver
32,Eagles,9,7,0,0.563,2,385.0,2019,Miles Sanders,974587,2413348,running-back
33,Eagles,9,7,0,0.563,2,385.0,2019,Alshon Jeffery,6069000,11750000,wide-receiver
34,Cowboys,8,8,0,0.5,0,434.0,2019,Ezekiel Elliott,6339653,8252137,running-back
35,Cowboys,8,8,0,0.5,0,434.0,2019,Amari Cooper,13924000,13924000,wide-receiver
36,Giants,4,12,0,0.25,-8,341.0,2019,Saquon Barkley,7089716,1897943,running-back
37,Giants,4,12,0,0.25,-8,341.0,2019,Golden Tate,7035294,14535294,wide-receiver
38,Packers,13,3,0,0.813,10,376.0,2019,Dexter Williams,536514,661056,running-back
39,Packers,13,3,0,0.813,10,376.0,2019,Davante Adams,10850000,7125000,wide-receiver
40,Vikings,10,6,0,0.625,4,407.0,2019,Alexander Mattison,700545,1317180,running-back
41,Vikings,10,6,0,0.625,4,407.0,2019,Adam Thielen,8105000,14273750,wide-receiver
42,Bears,8,8,0,0.5,0,280.0,2019,David Montgomery,756545,1541180,running-back
43,Bears,8,8,0,0.5,0,280.0,2019,Allen Robinson,15000000,13000000,wide-receiver
44,Lions,3,12,1,0.219,-9,341.0,2019,Kerryon Johnson,1478113,775623,running-back
45,Lions,3,12,1,0.219,-9,341.0,2019,Marvin Jones,9195882,6500000,wide-receiver
46,Saints,13,3,0,0.813,10,458.0,2019,Latavius Murray,1850000,4400000,running-back
47,Saints,13,3,0,0.813,10,458.0,2019,Michael Thomas,6128765,21648043,wide-receiver
48,Falcons,7,9,0,0.438,-2,381.0,2019,Devonta Freeman,6750000,3750000,running-back
49,Falcons,7,9,0,0.438,-2,381.0,2019,Julio Jones,10366666,26500000,wide-receiver
50,Buccaneers,7,9,0,0.438,-2,458.0,2019,Peyton Barber,2125000,2125000,running-back
51,Buccaneers,7,9,0,0.438,-2,458.0,2019,Mike Evans,15200000,20000000,wide-receiver
52,Panthers,5,11,0,0.313,-6,340.0,2019,Christian McCaffrey,4702174,2032392,running-back
53,Panthers,5,11,0,0.313,-6,340.0,2019,Jarius Wright,2466666,1600000,wide-receiver
54,49ers,13,3,0,0.813,10,479.0,2019,Jerick McKinnon,5750000,3750000,running-back
55,49ers,13,3,0,0.813,10,479.0,2019,Emmanuel Sanders,5970588,5970588,wide-receiver
56,Seahawks,11,5,0,0.688,6,405.0,2019,Rashaad Penny,2446690,969338,running-back
57,Seahawks,11,5,0,0.688,6,405.0,2019,Tyler Lockett,7357000,5407000,wide-receiver
58,Rams,9,7,0,0.563,2,394.0,2019,Todd Gurley,9200000,5000000,running-back
59,Rams,9,7,0,0.563,2,394.0,2019,Brandin Cooks,15259000,27459000,wide-receiver
60,Cardinals,5,10,1,0.344,-5,361.0,2019,David Johnson,9750000,6656250,running-back
61,Cardinals,5,10,1,0.344,-5,361.0,2019,Larry Fitzgerald,11250000,11000000,wide-receiver
62,Bills,13,3,0,0.813,10,501.0,2020,Taiwan Jones,1656250,1750000,running-back
63,Bills,13,3,0,0.813,10,501.0,2020,Stefon Diggs,13450000,14700000,wide-receiver
64,Dolphins,10,6,0,0.625,4,404.0,2020,Matt Breida,3259000,3259000,running-back
65,Dolphins,10,6,0,0.625,4,404.0,2020,DeVante Parker,6100000,6162500,wide-receiver
66,Patriots,7,9,0,0.438,-2,326.0,2020,James White,4593750,3500000,running-back
67,Patriots,7,9,0,0.438,-2,326.0,2020,Julian Edelman,9666666,3937500,wide-receiver
68,Jets,2,14,0,0.125,-12,243.0,2020,La'Mical Perine,746924,1305932,running-back
69,Jets,2,14,0,0.125,-12,243.0,2020,Jamison Crowder,10000000,9000000,wide-receiver
70,Steelers,12,4,0,0.75,8,416.0,2020,"Anthony McFarland, Jr.",790608,1332432,running-back
71,Steelers,12,4,0,0.75,8,416.0,2020,Chase Claypool,1203025,2982100,wide-receiver
72,Ravens,11,5,0,0.688,6,468.0,2020,Mark Ingram,5333333,4000000,running-back
73,Ravens,11,5,0,0.688,6,468.0,2020,Willie Snead,5412059,3662059,wide-receiver
74,Browns,11,5,0,0.688,6,408.0,2020,Kareem Hunt,4009000,4009000,running-back
75,Browns,11,5,0,0.688,6,408.0,2020,Odell Beckham Jr.,14250000,14250000,wide-receiver
76,Bengals,4,11,1,0.281,-7,311.0,2020,Joe Mixon,3850938,11325000,running-back
77,Bengals,4,11,1,0.281,-7,311.0,2020,A.J. Green,17971000,17971000,wide-receiver
78,Titans,11,5,0,0.688,6,491.0,2020,Derrick Henry,6000000,15000000,running-back
79,Titans,11,5,0,0.688,6,491.0,2020,Adam Humphries,9609375,7109375,wide-receiver
80,Colts,11,5,0,0.688,6,451.0,2020,Jonathan Taylor,1423482,3863928,running-back
81,Colts,11,5,0,0.688,6,451.0,2020,T.Y. Hilton,14542000,14542000,wide-receiver
82,Texans,4,12,0,0.25,-8,384.0,2020,David Johnson,11156250,10762500,running-back
83,Texans,4,12,0,0.25,-8,384.0,2020,Randall Cobb,6101563,9984375,wide-receiver
84,Jaguars,1,15,0,0.063,-14,306.0,2020,Chris Thompson,1368750,1350000,running-back
85,Jaguars,1,15,0,0.063,-14,306.0,2020,Laviska Shenault,1399285,3767140,wide-receiver
86,Chiefs,14,2,0,0.875,12,473.0,2020,Clyde Edwards-Helaire,1967559,6040236,running-back
87,Chiefs,14,2,0,0.875,12,473.0,2020,Tyreek Hill,17740000,16290000,wide-receiver
88,Raiders,8,8,0,0.5,0,434.0,2020,Jalen Richard,3625000,3500000,running-back
89,Raiders,8,8,0,0.5,0,434.0,2020,Tyrell Williams,11100000,11100000,wide-receiver
90,Chargers,7,9,0,0.438,-2,384.0,2020,Austin Ekeler,5000000,9500000,running-back
91,Chargers,7,9,0,0.438,-2,384.0,2020,Keenan Allen,10350000,19250000,wide-receiver
92,Broncos,5,11,0,0.313,-6,323.0,2020,Melvin Gordon,7000000,9000000,running-back
93,Broncos,5,11,0,0.313,-6,323.0,2020,Jerry Jeudy,2762356,9219424,wide-receiver
94,Giants,6,10,0,0.375,-4,280.0,2020,Saquon Barkley,8597659,3405886,running-back
95,Giants,6,10,0,0.375,-4,280.0,2020,Golden Tate,10352942,8000000,wide-receiver
96,Cowboys,6,10,0,0.375,-4,395.0,2020,Ezekiel Elliott,10900000,19800000,running-back
97,Cowboys,6,10,0,0.375,-4,395.0,2020,Amari Cooper,12000000,20000000,wide-receiver
98,Eagles,4,11,1,0.281,-7,334.0,2020,Corey Clement,825000,825000,running-back
99,Eagles,4,11,1,0.281,-7,334.0,2020,Alshon Jeffery,14979559,11500000,wide-receiver
100,Packers,13,3,0,0.813,10,509.0,2020,Jamaal Williams,2274498,2133000,running-back
101,Packers,13,3,0,0.813,10,509.0,2020,Davante Adams,16475000,13000000,wide-receiver
102,Bears,8,8,0,0.5,0,372.0,2020,Tarik Cohen,3041289,8133000,running-back
103,Bears,8,8,0,0.5,0,372.0,2020,Allen Robinson,15000000,13000000,wide-receiver
104,Vikings,7,9,0,0.438,-2,430.0,2020,Dalvin Cook,4616419,16331361,running-back
105,Vikings,7,9,0,0.438,-2,430.0,2020,Adam Thielen,12768750,10000000,wide-receiver
106,Lions,5,11,0,0.313,-6,377.0,2020,D'Andre Swift,1552530,4380120,running-back
107,Lions,5,11,0,0.313,-6,377.0,2020,Marvin Jones,9195883,6500000,wide-receiver
108,Saints,12,4,0,0.75,8,482.0,2020,Alvin Kamara,4076193,15833000,running-back
109,Saints,12,4,0,0.75,8,482.0,2020,Michael Thomas,7000000,11000000,wide-receiver
110,Buccaneers,11,5,0,0.688,6,492.0,2020,Leonard Fournette,2500000,2000000,running-back
111,Buccaneers,11,5,0,0.688,6,492.0,2020,Mike Evans,8387500,16750000,wide-receiver
112,Panthers,5,11,0,0.313,-6,350.0,2020,Christian McCaffrey,7794782,22325000,running-back
113,Panthers,5,11,0,0.313,-6,350.0,2020,Robbie Chosen,8000000,12000000,wide-receiver
114,Falcons,4,12,0,0.25,-8,396.0,2020,Todd Gurley,5500000,5500000,running-back
115,Falcons,4,12,0,0.25,-8,396.0,2020,Julio Jones,20416668,22200000,wide-receiver
116,Seahawks,12,4,0,0.75,8,459.0,2020,Carlos Hyde,2750000,2562500,running-back
117,Seahawks,12,4,0,0.75,8,459.0,2020,Tyler Lockett,12250000,10200000,wide-receiver
118,Rams,10,6,0,0.625,4,372.0,2020,Cam Akers,1122371,2659484,running-back
119,Rams,10,6,0,0.625,4,372.0,2020,Robert Woods,8375000,8000000,wide-receiver
120,Cardinals,8,8,0,0.5,0,410.0,2020,Kenyan Drake,8483000,8483000,running-back
121,Cardinals,8,8,0,0.5,0,410.0,2020,DeAndre Hopkins,7000000,29000000,wide-receiver
122,49ers,6,10,0,0.375,-4,376.0,2020,Tevin Coleman,4868750,4900000,running-back
123,49ers,6,10,0,0.375,-4,376.0,2020,Brandon Aiyuk,2278427,7283708,wide-receiver
124,Bills,11,6,0,0.647,5,483.0,2021,Taiwan Jones,1667647,1750000,running-back
125,Bills,11,6,0,0.647,5,483.0,2021,Stefon Diggs,6378954,13755882,wide-receiver
126,Patriots,10,7,0,0.588,3,462.0,2021,James White,1212500,2462500,running-back
127,Patriots,10,7,0,0.588,3,462.0,2021,Nelson Agholor,6941176,11882353,wide-receiver
128,Dolphins,9,8,0,0.529,1,341.0,2021,Malcolm Brown,1750000,1750000,running-back
129,Dolphins,9,8,0,0.529,1,341.0,2021,Jaylen Waddle,4924726,17718904,wide-receiver
130,Jets,4,13,0,0.235,-9,310.0,2021,Michael Carter,821006,1426526,running-back
131,Jets,4,13,0,0.235,-9,310.0,2021,Corey Davis,12666666,14000000,wide-receiver
132,Bengals,10,7,0,0.588,3,460.0,2021,Joe Mixon,8420588,8670588,running-back
133,Bengals,10,7,0,0.588,3,460.0,2021,Ja'Marr Chase,5603571,20434284,wide-receiver
134,Steelers,9,7,1,0.559,2,343.0,2021,Najee Harris,2372262,7509048,running-back
135,Steelers,9,7,1,0.559,2,343.0,2021,JuJu Smith-Schuster,2400000,8000000,wide-receiver
136,Browns,8,9,0,0.471,-1,349.0,2021,Nick Chubb,4782381,12920000,running-back
137,Browns,8,9,0,0.471,-1,349.0,2021,Jarvis Landry,14711765,13029412,wide-receiver
138,Ravens,8,9,0,0.471,-1,387.0,2021,Gus Edwards,2250000,4750000,running-back
139,Ravens,8,9,0,0.471,-1,387.0,2021,Rashod Bateman,2290802,7183208,wide-receiver
140,Titans,12,5,0,0.706,7,419.0,2021,Derrick Henry,13500000,10500000,running-back
141,Titans,12,5,0,0.706,7,419.0,2021,Julio Jones,4100000,15300000,wide-receiver
142,Colts,9,8,0,0.529,1,451.0,2021,Nyheim Miller-Hines,2681137,7000000,running-back
143,Colts,9,8,0,0.529,1,451.0,2021,T.Y. Hilton,6450000,8000000,wide-receiver
144,Texans,4,13,0,0.235,-9,280.0,2021,David Johnson,4911765,4911765,running-back
145,Texans,4,13,0,0.235,-9,280.0,2021,Brandin Cooks,5647059,13147059,wide-receiver
146,Jaguars,3,14,0,0.176,-11,253.0,2021,Travis Etienne,2345111,7400444,running-back
147,Jaguars,3,14,0,0.176,-11,253.0,2021,Marvin Jones,4787500,7500000,wide-receiver
148,Chiefs,12,5,0,0.706,7,480.0,2021,Darrel Williams,1594118,1600000,running-back
149,Chiefs,12,5,0,0.706,7,480.0,2021,Tyreek Hill,15850500,13200500,wide-receiver
150,Raiders,10,7,0,0.588,3,374.0,2021,Jalen Richard,2440000,3500000,running-back
151,Raiders,10,7,0,0.588,3,374.0,2021,Zay Jones,2500000,2500000,wide-receiver
152,Chargers,9,8,0,0.529,1,474.0,2021,Austin Ekeler,5750000,4250000,running-back
153,Chargers,9,8,0,0.529,1,474.0,2021,Mike Williams,15680000,15680000,wide-receiver
154,Broncos,7,10,0,0.412,-3,335.0,2021,Melvin Gordon,8941176,7000000,running-back
155,Broncos,7,10,0,0.412,-3,335.0,2021,Courtland Sutton,4146987,8183000,wide-receiver
156,Cowboys,12,5,0,0.706,7,530.0,2021,Ezekiel Elliott,6820000,9600000,running-back
157,Cowboys,12,5,0,0.706,7,530.0,2021,Amari Cooper,22000000,20000000,wide-receiver
158,Eagles,9,8,0,0.529,1,444.0,2021,Kenneth Gainwell,743881,995524,running-back
159,Eagles,9,8,0,0.529,1,444.0,2021,DeVonta Smith,3662071,12668284,wide-receiver
160,Giants,4,13,0,0.235,-9,258.0,2021,Saquon Barkley,10025602,4833829,running-back
161,Giants,4,13,0,0.235,-9,258.0,2021,Kenny Golladay,4473529,18250000,wide-receiver
162,Packers,13,4,0,0.765,9,450.0,2021,Aaron Jones,4464706,14250000,running-back
163,Packers,13,4,0,0.765,9,450.0,2021,Davante Adams,16787500,13250000,wide-receiver
164,Vikings,8,9,0,0.471,-1,425.0,2021,Dalvin Cook,5113037,2100000,running-back
165,Vikings,8,9,0,0.471,-1,425.0,2021,Adam Thielen,5941176,11700000,wide-receiver
166,Bears,6,11,0,0.353,-5,311.0,2021,Tarik Cohen,3250000,1500000,running-back
167,Bears,6,11,0,0.353,-5,311.0,2021,Allen Robinson,17980000,17980000,wide-receiver
168,Lions,3,13,1,0.206,-10,325.0,2021,Jamaal Williams,1625000,2250000,running-back
169,Lions,3,13,1,0.206,-10,325.0,2021,Amon-Ra St. Brown,856315,1445260,wide-receiver
170,Buccaneers,13,4,0,0.765,9,511.0,2021,Leonard Fournette,3250000,3375000,running-back
171,Buccaneers,13,4,0,0.765,9,511.0,2021,Chris Godwin,15983000,15983000,wide-receiver
172,Saints,9,8,0,0.529,1,364.0,2021,Alvin Kamara,5000000,2000000,running-back
173,Saints,9,8,0,0.529,1,364.0,2021,Michael Thomas,10100000,12800000,wide-receiver
174,Falcons,7,10,0,0.412,-3,313.0,2021,Mike Davis,2250000,3000000,running-back
175,Falcons,7,10,0,0.412,-3,313.0,2021,Cordarrelle Patterson,3000000,3000000,wide-receiver
176,Panthers,5,12,0,0.294,-7,304.0,2021,Christian McCaffrey,6899500,8237500,running-back
177,Panthers,5,12,0,0.294,-7,304.0,2021,Robbie Chosen,8826666,12500000,wide-receiver
178,Rams,12,5,0,0.706,7,460.0,2021,Sony Michel,1792731,1792731,running-back
179,Rams,12,5,0,0.706,7,460.0,2021,Cooper Kupp,5300000,13000000,wide-receiver
180,Cardinals,11,6,0,0.647,5,449.0,2021,James Conner,1750000,1750000,running-back
181,Cardinals,11,6,0,0.647,5,449.0,2021,DeAndre Hopkins,12500000,13750000,wide-receiver
182,49ers,10,7,0,0.588,3,427.0,2021,Raheem Mostert,3608334,3040625,running-back
183,49ers,10,7,0,0.588,3,427.0,2021,Deebo Samuel,2099279,1194760,wide-receiver
184,Seahawks,7,10,0,0.412,-3,395.0,2021,Chris Carson,2700000,5500000,running-back
185,Seahawks,7,10,0,0.412,-3,395.0,2021,Tyler Lockett,8050000,21000000,wide-receiver
186,Bills,13,3,0,0.813,10,,2022,Devin Singletary,2798956,2540000,running-back
187,Bills,13,3,0,0.813,10,,2022,Stefon Diggs,11736111,24580000,wide-receiver
188,Dolphins,9,8,0,0.529,1,,2022,Raheem Mostert,2113235,3113235,running-back
189,Dolphins,9,8,0,0.529,1,,2022,Tyreek Hill,6485000,26885000,wide-receiver
190,Patriots,8,9,0,0.471,-1,,2022,Ty Montgomery,1640000,1530000,running-back
191,Patriots,8,9,0,0.471,-1,,2022,Nelson Agholor,14941176,9941176,wide-receiver
192,Jets,7,10,0,0.412,-3,,2022,Breece Hall,1639049,4441196,running-back
193,Jets,7,10,0,0.412,-3,,2022,Corey Davis,13666666,13000000,wide-receiver
194,Bengals,12,4,0,0.75,8,,2022,Joe Mixon,11420588,8641176,running-back
195,Bengals,12,4,0,0.75,8,,2022,Tyler Boyd,10100000,8700000,wide-receiver
196,Ravens,10,7,0,0.588,3,,2022,Gus Edwards,4500000,3250000,running-back
197,Ravens,10,7,0,0.588,3,,2022,Rashod Bateman,2863503,1232701,wide-receiver
198,Steelers,9,8,0,0.529,1,,2022,Najee Harris,2965328,1253066,running-back
199,Steelers,9,8,0,0.529,1,,2022,Diontae Johnson,7616690,19000000,wide-receiver
200,Browns,7,10,0,0.412,-3,,2022,Kareem Hunt,6250000,6250000,running-back
201,Browns,7,10,0,0.412,-3,,2022,Amari Cooper,4896000,20000000,wide-receiver
202,Jaguars,9,8,0,0.529,1,,2022,Travis Etienne,2931389,1246278,running-back
203,Jaguars,9,8,0,0.529,1,,2022,Christian Kirk,7500000,24000000,wide-receiver
204,Titans,7,10,0,0.412,-3,,2022,Derrick Henry,9367647,15441176,running-back
205,Titans,7,10,0,0.412,-3,,2022,Robert Woods,7410000,10000000,wide-receiver
206,Colts,4,12,1,0.265,-8,,2022,Jonathan Taylor,2135224,1321742,running-back
207,Colts,4,12,1,0.265,-8,,2022,Alec Pierce,1200244,2685976,wide-receiver
208,Texans,3,13,1,0.206,-10,,2022,Rex Burkhead,2476471,1976471,running-back
209,Texans,3,13,1,0.206,-10,,2022,Brandin Cooks,9749847,18382353,wide-receiver
210,Chiefs,14,3,0,0.824,11,,2022,Clyde Edwards-Helaire,2951339,1593780,running-back
211,Chiefs,14,3,0,0.824,11,,2022,JuJu Smith-Schuster,3700000,10200000,wide-receiver
212,Chargers,10,7,0,0.588,3,,2022,Austin Ekeler,7000000,5500000,running-back
213,Chargers,10,7,0,0.588,3,,2022,Mike Williams,14000000,28000000,wide-receiver
214,Raiders,6,11,0,0.353,-5,,2022,Brandon Bolden,2130000,2737500,running-back
215,Raiders,6,11,0,0.353,-5,,2022,Davante Adams,12210000,43600000,wide-receiver
216,Broncos,5,12,0,0.294,-7,,2022,Mike Boone,2050000,1250000,running-back
217,Broncos,5,12,0,0.294,-7,,2022,Courtland Sutton,5325000,12000000,wide-receiver
218,Eagles,14,3,0,0.824,11,,2022,Boston Scott,1750000,1750000,running-back
219,Eagles,14,3,0,0.824,11,,2022,A.J. Brown,5680894,24220471,wide-receiver
220,Cowboys,12,5,0,0.706,7,,2022,Ezekiel Elliott,18220000,12400000,running-back
221,Cowboys,12,5,0,0.706,7,,2022,Michael Gallup,4823529,12823529,wide-receiver
222,Giants,9,7,1,0.559,2,,2022,Saquon Barkley,7217000,7217000,running-back
223,Giants,9,7,1,0.559,2,,2022,Kenny Golladay,21150000,17750000,wide-receiver
224,Commanders,8,8,1,0.5,0,,2022,J.D. McKissic,1910000,3865000,running-back
225,Commanders,8,8,1,0.5,0,,2022,Terry McLaurin,7329923,29479118,wide-receiver
226,Vikings,13,4,0,0.765,9,,2022,Dalvin Cook,12001272,8900000,running-back
227,Vikings,13,4,0,0.765,9,,2022,Adam Thielen,11903529,14353529,wide-receiver
228,Lions,9,8,0,0.529,1,,2022,Jamaal Williams,4375000,4000000,running-back
229,Lions,9,8,0,0.529,1,,2022,Jameson Williams,3174871,10584484,wide-receiver
230,Packers,8,9,0,0.471,-1,,2022,Aaron Jones,5948000,5750000,running-back
231,Packers,8,9,0,0.471,-1,,2022,Christian Watson,1680186,4605744,wide-receiver
232,Bears,3,14,0,0.176,-11,,2022,David Montgomery,3051545,2790000,running-back
233,Bears,3,14,0,0.176,-11,,2022,Byron Pringle,4125000,4080882,wide-receiver
234,Buccaneers,8,9,0,0.471,-1,,2022,Leonard Fournette,3970588,6970588,running-back
235,Buccaneers,8,9,0,0.471,-1,,2022,Chris Godwin,5000000,20000000,wide-receiver
236,Panthers,7,10,0,0.412,-3,,2022,D'Onta Foreman,2000000,2000000,running-back
237,Panthers,7,10,0,0.412,-3,,2022,D.J. Moore,6110000,20735000,wide-receiver
238,Saints,7,10,0,0.412,-3,,2022,Alvin Kamara,6128000,11500000,running-back
239,Saints,7,10,0,0.412,-3,,2022,Michael Thomas,13228588,15800000,wide-receiver
240,Falcons,7,10,0,0.412,-3,,2022,Cordarrelle Patterson,2500000,6250000,running-back
241,Falcons,7,10,0,0.412,-3,,2022,Drake London,3915358,13546432,wide-receiver
242,49ers,13,4,0,0.765,9,,2022,Tyrion Davis-Price,928826,1600304,running-back
243,49ers,13,4,0,0.765,9,,2022,Deebo Samuel,6876519,25150000,wide-receiver
244,Seahawks,9,8,0,0.529,1,,2022,Rashaad Penny,5630000,5270000,running-back
245,Seahawks,9,8,0,0.529,1,,2022,D.K. Metcalf,8838827,31000000,wide-receiver
246,Rams,5,12,0,0.294,-7,,2022,Cam Akers,1683557,1171186,running-back
247,Rams,5,12,0,0.294,-7,,2022,Cooper Kupp,17800000,30000000,wide-receiver
248,Cardinals,4,13,0,0.235,-9,,2022,James Conner,3975000,7945000,running-back
249,Cardinals,4,13,0,0.235,-9,,2022,DeAndre Hopkins,15733333,15083333,wide-receiver
250,Bills,11,6,0,0.647,5,451.0,2023,Damien Harris,1770000,1770000,running-back
251,Bills,11,6,0,0.647,5,451.0,2023,Stefon Diggs,14875111,24415000,wide-receiver
252,Dolphins,11,6,0,0.647,5,496.0,2023,Raheem Mostert,2187941,3820882,running-back
253,Dolphins,11,6,0,0.647,5,496.0,2023,Tyreek Hill,12823750,26350000,wide-receiver
254,Jets,7,10,0,0.412,-3,268.0,2023,Breece Hall,2048811,1114762,running-back
255,Jets,7,10,0,0.412,-3,268.0,2023,Allen Lazard,3264000,12000000,wide-receiver
256,Patriots,4,13,0,0.235,-9,236.0,2023,Ezekiel Elliott,3000000,3300000,running-back
257,Patriots,4,13,0,0.235,-9,236.0,2023,JuJu Smith-Schuster,4674509,9647059,wide-receiver
258,Ravens,13,4,0,0.765,9,483.0,2023,Gus Edwards,2794000,4484000,running-back
259,Ravens,13,4,0,0.765,9,483.0,2023,Odell Beckham Jr.,4932000,16000000,wide-receiver
260,Browns,11,6,0,0.647,5,396.0,2023,Nick Chubb,14850000,10850000,running-back
261,Browns,11,6,0,0.647,5,396.0,2023,Amari Cooper,23776000,20000000,wide-receiver
262,Steelers,10,7,0,0.588,3,304.0,2023,Najee Harris,3558394,1846132,running-back
263,Steelers,10,7,0,0.588,3,304.0,2023,Diontae Johnson,16333333,10500000,wide-receiver
264,Bengals,9,8,0,0.529,1,366.0,2023,Joe Mixon,8500000,6100000,running-back
265,Bengals,9,8,0,0.529,1,366.0,2023,Tyler Boyd,10300000,8900000,wide-receiver
266,Texans,10,7,0,0.588,3,377.0,2023,Devin Singletary,3125000,3125000,running-back
267,Texans,10,7,0,0.588,3,377.0,2023,Robert Woods,5500000,8705882,wide-receiver
268,Jaguars,9,8,0,0.529,1,377.0,2023,Travis Etienne,3517666,1832556,running-back
269,Jaguars,9,8,0,0.529,1,377.0,2023,Christian Kirk,11464000,16352941,wide-receiver
270,Colts,9,8,0,0.529,1,396.0,2023,Jonathan Taylor,5117482,11990000,running-back
271,Colts,9,8,0,0.529,1,396.0,2023,Ashton Dulin,2860000,3500000,wide-receiver
272,Titans,6,11,0,0.353,-5,305.0,2023,Derrick Henry,16367647,10500000,running-back
273,Titans,6,11,0,0.353,-5,305.0,2023,DeAndre Hopkins,4568000,14000000,wide-receiver
274,Chiefs,11,6,0,0.647,5,371.0,2023,Clyde Edwards-Helaire,3443229,2085670,running-back
275,Chiefs,11,6,0,0.647,5,371.0,2023,Marquez Valdes-Scantling,11000000,9000000,wide-receiver
276,Raiders,8,9,0,0.471,-1,332.0,2023,Josh Jacobs,11791000,11391000,running-back
277,Raiders,8,9,0,0.471,-1,332.0,2023,Hunter Renfrow,13385000,11549000,wide-receiver
278,Broncos,8,9,0,0.471,-1,357.0,2023,Samaje Perine,3000000,4500000,running-back
279,Broncos,8,9,0,0.471,-1,357.0,2023,Courtland Sutton,18295588,14570588,wide-receiver
280,Chargers,5,12,0,0.294,-7,346.0,2023,Austin Ekeler,7750000,6250000,running-back
281,Chargers,5,12,0,0.294,-7,346.0,2023,Keenan Allen,12782500,19000000,wide-receiver
282,Cowboys,12,5,0,0.706,7,509.0,2023,Tony Pollard,10091000,10091000,running-back
283,Cowboys,12,5,0,0.706,7,509.0,2023,Michael Gallup,6950000,12000000,wide-receiver
284,Eagles,11,6,0,0.647,5,433.0,2023,Boston Scott,1212360,1982353,running-back
285,Eagles,11,6,0,0.647,5,433.0,2023,A.J. Brown,8318894,11760000,wide-receiver
286,Giants,6,11,0,0.353,-5,266.0,2023,Saquon Barkley,10091000,10091000,running-back
287,Giants,6,11,0,0.353,-5,266.0,2023,Darius Slayton,4250000,6200000,wide-receiver
288,Commanders,4,13,0,0.235,-9,329.0,2023,Antonio Gibson,3029843,2743000,running-back
289,Commanders,4,13,0,0.235,-9,329.0,2023,Curtis Samuel,13000000,10600000,wide-receiver
290,Lions,12,5,0,0.706,7,461.0,2023,Jahmyr Gibbs,3244570,10728280,running-back
291,Lions,12,5,0,0.706,7,461.0,2023,Kalif Raymond,2775000,4400000,wide-receiver
292,Packers,9,8,0,0.529,1,383.0,2023,Aaron Jones,8197000,10682353,running-back
293,Packers,9,8,0,0.529,1,383.0,2023,Jayden Reed,1305596,2972384,wide-receiver
294,Vikings,7,10,0,0.412,-3,344.0,2023,Alexander Mattison,2400000,3650000,running-back
295,Vikings,7,10,0,0.412,-3,344.0,2023,Jordan Addison,2496679,7736716,wide-receiver
296,Bears,7,10,0,0.412,-3,360.0,2023,Travis Homer,1860294,2085294,running-back
297,Bears,7,10,0,0.412,-3,360.0,2023,D.J. Moore,20165000,20165000,wide-receiver
298,Buccaneers,9,8,0,0.529,1,348.0,2023,Chase Edmonds,1092500,1232500,running-back
299,Buccaneers,9,8,0,0.529,1,348.0,2023,Chris Godwin,8614000,20000000,wide-receiver
300,Saints,9,8,0,0.529,1,402.0,2023,Alvin Kamara,7977000,10820000,running-back
301,Saints,9,8,0,0.529,1,402.0,2023,Michael Thomas,14453588,6460000,wide-receiver
302,Falcons,7,10,0,0.412,-3,321.0,2023,Bijan Robinson,3992462,13719848,running-back
303,Falcons,7,10,0,0.412,-3,321.0,2023,Mack Hollins,2500000,2380000,wide-receiver
304,Panthers,2,15,0,0.118,-13,236.0,2023,Miles Sanders,2555000,6980000,running-back
305,Panthers,2,15,0,0.118,-13,236.0,2023,Adam Thielen,3332000,10000000,wide-receiver
306,49ers,12,5,0,0.706,7,491.0,2023,Christian McCaffrey,3424000,12000000,running-back
307,49ers,12,5,0,0.706,7,491.0,2023,Deebo Samuel,8741765,11306765,wide-receiver
308,Rams,10,7,0,0.588,3,404.0,2023,Zach Evans,783333,883332,running-back
309,Rams,10,7,0,0.588,3,404.0,2023,Cooper Kupp,17360000,20000000,wide-receiver
310,Seahawks,9,8,0,0.529,1,364.0,2023,Zach Charbonnet,1250196,2750784,running-back
311,Seahawks,9,8,0,0.529,1,364.0,2023,D.K. Metcalf,13720000,14220000,wide-receiver
312,Cardinals,4,13,0,0.235,-9,330.0,2023,James Conner,9445000,8445000,running-back
313,Cardinals,4,13,0,0.235,-9,330.0,2023,Marquise Brown,13413000,13413000,wide-receiver
314,Bills,13,4,0,0.765,9,525.0,2024,Ray Davis,973297,1508188,running-back
315,Bills,13,4,0,0.765,9,525.0,2024,Curtis Samuel,3405000,8540000,wide-receiver
316,Dolphins,8,9,0,0.471,-1,345.0,2024,Raheem Mostert,3401177,3692353,running-back
317,Dolphins,8,9,0,0.471,-1,345.0,2024,Tyreek Hill,32037574,26250000,wide-receiver
318,Jets,5,12,0,0.294,-7,338.0,2024,Breece Hall,2458573,1524524,running-back
319,Jets,5,12,0,0.294,-7,338.0,2024,Davante Adams,3227333,11590000,wide-receiver
320,Patriots,4,13,0,0.235,-9,289.0,2024,Rhamondre Stevenson,4903265,11116000,running-back
321,Patriots,4,13,0,0.235,-9,289.0,2024,Kendrick Bourne,3500000,6300000,wide-receiver
322,Ravens,12,5,0,0.706,7,518.0,2024,Derrick Henry,5105000,11000000,running-back
323,Ravens,12,5,0,0.706,7,518.0,2024,Rashod Bateman,3834135,4500000,wide-receiver
324,Steelers,10,7,0,0.588,3,380.0,2024,Najee Harris,4151460,2439198,running-back
325,Steelers,10,7,0,0.588,3,380.0,2024,Cordarrelle Patterson,2250000,3200000,wide-receiver
326,Bengals,9,8,0,0.529,1,472.0,2024,Zack Moss,2972059,4366176,running-back
327,Bengals,9,8,0,0.529,1,472.0,2024,Tee Higgins,21816000,21816000,wide-receiver
328,Browns,3,14,0,0.176,-11,258.0,2024,Nick Chubb,6275000,3572917,running-back
329,Browns,3,14,0,0.176,-11,258.0,2024,Jerry Jeudy,4700000,19000000,wide-receiver
330,Texans,10,7,0,0.588,3,372.0,2024,Joe Mixon,5500000,9411765,running-back
331,Texans,10,7,0,0.588,3,372.0,2024,Stefon Diggs,5876000,22385000,wide-receiver
332,Colts,8,9,0,0.471,-1,377.0,2024,Jonathan Taylor,10786000,8224000,running-back
333,Colts,8,9,0,0.471,-1,377.0,2024,"Michael Pittman, Jr.",18000000,28000000,wide-receiver
334,Jaguars,4,13,0,0.235,-9,320.0,2024,Travis Etienne,4103945,2418834,running-back
335,Jaguars,4,13,0,0.235,-9,320.0,2024,Christian Kirk,24236941,16235294,wide-receiver
336,Titans,3,14,0,0.176,-11,311.0,2024,Tony Pollard,4000000,8000000,running-back
337,Titans,3,14,0,0.176,-11,311.0,2024,Calvin Ridley,10000000,25000000,wide-receiver
338,Chiefs,15,2,0,0.882,13,385.0,2024,Samaje Perine,1500000,1500000,running-back
339,Chiefs,15,2,0,0.882,13,385.0,2024,Xavier Worthy,2507321,7644284,wide-receiver
340,Chargers,11,6,0,0.647,5,402.0,2024,Gus Edwards,2250000,3375000,running-back
341,Chargers,11,6,0,0.647,5,402.0,2024,Ladd McConkey,1817306,4884224,wide-receiver
342,Broncos,10,7,0,0.588,3,425.0,2024,Javonte Williams,2820922,1868967,running-back
343,Broncos,10,7,0,0.588,3,425.0,2024,Courtland Sutton,7825000,15000000,wide-receiver
344,Raiders,4,13,0,0.235,-9,309.0,2024,Alexander Mattison,1984000,2077000,running-back
345,Raiders,4,13,0,0.235,-9,309.0,2024,Jakobi Meyers,9477333,10940000,wide-receiver
346,Eagles,14,3,0,0.824,11,463.0,2024,Saquon Barkley,3800000,15000000,running-back
347,Eagles,14,3,0,0.824,11,463.0,2024,DeVonta Smith,8127381,21406554,wide-receiver
348,Commanders,12,5,0,0.706,7,485.0,2024,Austin Ekeler,3355000,4670000,running-back
349,Commanders,12,5,0,0.706,7,485.0,2024,Terry McLaurin,24100000,18500000,wide-receiver
350,Cowboys,7,10,0,0.412,-3,350.0,2024,Rico Dowdle,1255000,1255000,running-back
351,Cowboys,7,10,0,0.412,-3,350.0,2024,CeeDee Lamb,8750000,39150000,wide-receiver
352,Giants,3,14,0,0.176,-11,273.0,2024,Devin Singletary,3750000,6250000,running-back
353,Giants,3,14,0,0.176,-11,273.0,2024,Malik Nabers,5310500,18857000,wide-receiver
354,Lions,15,2,0,0.882,13,564.0,2024,David Montgomery,5053431,8911765,running-back
355,Lions,15,2,0,0.882,13,564.0,2024,Amon-Ra St. Brown,4862315,17866000,wide-receiver
356,Vikings,14,3,0,0.824,11,432.0,2024,Aaron Jones,3800000,7000000,running-back
357,Vikings,14,3,0,0.824,11,432.0,2024,Justin Jefferson,8612600,38063000,wide-receiver
358,Packers,11,6,0,0.647,5,460.0,2024,Josh Jacobs,5395588,14800000,running-back
359,Packers,11,6,0,0.647,5,460.0,2024,Christian Watson,2520280,1545094,wide-receiver
360,Bears,5,12,0,0.294,-7,310.0,2024,D'Andre Swift,5803333,8500000,running-back
361,Bears,5,12,0,0.294,-7,310.0,2024,D.J. Moore,7200000,23200000,wide-receiver
362,Buccaneers,10,7,0,0.588,3,502.0,2024,Bucky Irving,977888,1526552,running-back
363,Buccaneers,10,7,0,0.588,3,502.0,2024,Mike Evans,5568000,23666668,wide-receiver
364,Falcons,8,9,0,0.471,-1,389.0,2024,Bijan Robinson,4990578,1748116,running-back
365,Falcons,8,9,0,0.471,-1,389.0,2024,Darnell Mooney,7480000,17480000,wide-receiver
366,Panthers,5,12,0,0.294,-7,341.0,2024,Chuba Hubbard,3769893,9616000,running-back
367,Panthers,5,12,0,0.294,-7,341.0,2024,Adam Thielen,9917000,8044118,wide-receiver
368,Saints,5,12,0,0.294,-7,338.0,2024,Alvin Kamara,16193236,21621765,running-back
369,Saints,5,12,0,0.294,-7,338.0,2024,Cedrick Wilson Jr.,1850000,2850000,wide-receiver
370,Rams,10,7,0,0.588,3,367.0,2024,Blake Corum,1047957,1806828,running-back
371,Rams,10,7,0,0.588,3,367.0,2024,Cooper Kupp,29780000,20000000,wide-receiver
372,Seahawks,10,7,0,0.588,3,375.0,2024,Kenneth Walker III,2302249,1472416,running-back
373,Seahawks,10,7,0,0.588,3,375.0,2024,Tyler Lockett,18895000,13000000,wide-receiver
374,Cardinals,8,9,0,0.471,-1,400.0,2024,James Conner,11240000,12710000,running-back
375,Cardinals,8,9,0,0.471,-1,400.0,2024,Marvin Harrison Jr.,6431771,23342084,wide-receiver
376,49ers,6,11,0,0.353,-5,389.0,2024,Christian McCaffrey,6682588,15617647,running-back
377,49ers,6,11,0,0.353,-5,389.0,2024,Brandon Aiyuk,5725000,24125000,wide-receiver
378,Patriots,8,2,0,0.8,6,265.0,2025,TreVeyon Henderson,2026047,5584188,running-back
379,Patriots,8,2,0,0.8,6,265.0,2025,Stefon Diggs,8700000,18300000,wide-receiver
380,Bills,6,3,0,0.667,3,248.0,2025,James Cook,3435375,10280000,running-back
381,Bills,6,3,0,0.667,3,248.0,2025,Josh Palmer,4310000,10750000,wide-receiver
382,Dolphins,3,7,0,0.3,-4,210.0,2025,Alexander Mattison,1197500,1337500,running-back
383,Dolphins,3,7,0,0.3,-4,210.0,2025,Tyreek Hill,27698750,27750000,wide-receiver
384,Jets,2,7,0,0.222,-5,195.0,2025,Breece Hall,4340049,3406000,running-back
385,Jets,2,7,0,0.222,-5,195.0,2025,Garrett Wilson,7032092,15000000,wide-receiver
386,Steelers,5,4,0,0.556,1,212.0,2025,Jaylen Warren,3083333,7050000,running-back
387,Steelers,5,4,0,0.556,1,212.0,2025,D.K. Metcalf,11000000,35000000,wide-receiver
388,Ravens,4,5,0,0.444,-1,229.0,2025,Derrick Henry,8499000,14000000,running-back
389,Ravens,4,5,0,0.444,-1,229.0,2025,Rashod Bateman,4798333,10000000,wide-receiver
390,Bengals,3,6,0,0.333,-3,216.0,2025,Samaje Perine,1600000,1800000,running-back
391,Bengals,3,6,0,0.333,-3,216.0,2025,Ja'Marr Chase,23570000,41170000,wide-receiver
392,Browns,2,7,0,0.222,-5,146.0,2025,Quinshon Judkins,2073113,5772452,running-back
393,Browns,2,7,0,0.222,-5,146.0,2025,Jerry Jeudy,7975000,16000000,wide-receiver
394,Colts,8,2,0,0.8,6,321.0,2025,Jonathan Taylor,15382000,13000000,running-back
395,Colts,8,2,0,0.8,6,321.0,2025,"Michael Pittman, Jr.",23000000,18000000,wide-receiver
396,Jaguars,5,4,0,0.556,1,205.0,2025,Travis Etienne,6143000,6143000,running-back
397,Jaguars,5,4,0,0.556,1,205.0,2025,Travis Hunter,8481657,31406628,wide-receiver
398,Texans,4,5,0,0.444,-1,204.0,2025,Joe Mixon,9411765,7500000,running-back
399,Texans,4,5,0,0.444,-1,204.0,2025,Christian Kirk,4839294,16500000,wide-receiver
400,Titans,1,8,0,0.111,-7,130.0,2025,Tony Pollard,8470000,6500000,running-back
401,Titans,1,8,0,0.111,-7,130.0,2025,Calvin Ridley,28000000,23000000,wide-receiver
402,Broncos,8,2,0,0.8,6,235.0,2025,R.J. Harvey,1338122,2832488,running-back
403,Broncos,8,2,0,0.8,6,235.0,2025,Courtland Sutton,13900000,22500000,wide-receiver
404,Chargers,7,3,0,0.7,4,240.0,2025,Omarion Hampton,3231721,10406884,running-back
405,Chargers,7,3,0,0.7,4,240.0,2025,Tre Harris,1421398,3165592,wide-receiver
406,Chiefs,5,4,0,0.556,1,235.0,2025,Elijah Mitchell,1750000,2500000,running-back
407,Chiefs,5,4,0,0.556,1,235.0,2025,Marquise Brown,6794118,7000000,wide-receiver
408,Raiders,2,7,0,0.222,-5,139.0,2025,Ashton Jeanty,6526511,23586044,running-back
409,Raiders,2,7,0,0.222,-5,139.0,2025,Jack Bech,1374331,2977324,wide-receiver
410,Eagles,7,2,0,0.778,5,218.0,2025,Saquon Barkley,6661000,16500000,running-back
411,Eagles,7,2,0,0.778,5,218.0,2025,A.J. Brown,17523497,30000000,wide-receiver
412,Cowboys,3,5,1,0.389,-2,263.0,2025,Javonte Williams,3000000,3000000,running-back
413,Cowboys,3,5,1,0.389,-2,263.0,2025,CeeDee Lamb,15332353,27850000,wide-receiver
414,Commanders,3,7,0,0.3,-4,223.0,2025,Austin Ekeler,4960000,3610000,running-back
415,Commanders,3,7,0,0.3,-4,223.0,2025,Terry McLaurin,17250000,35400000,wide-receiver
416,Giants,2,8,0,0.2,-6,217.0,2025,Devin Singletary,6250000,5000000,running-back
417,Giants,2,8,0,0.2,-6,217.0,2025,Darius Slayton,6970593,13000005,wide-receiver
418,Lions,6,3,0,0.667,3,283.0,2025,David Montgomery,8280833,6000000,running-back
419,Lions,6,3,0,0.667,3,283.0,2025,Amon-Ra St. Brown,13910000,17410000,wide-receiver
420,Bears,6,3,0,0.667,3,239.0,2025,D'Andre Swift,9333333,8000000,running-back
421,Bears,6,3,0,0.667,3,239.0,2025,D.J. Moore,24900000,20900000,wide-receiver
422,Packers,5,3,1,0.611,2,213.0,2025,Josh Jacobs,11325000,8200000,running-back
423,Packers,5,3,1,0.611,2,213.0,2025,Matthew Golden,3195516,10262064,wide-receiver
424,Vikings,4,5,0,0.444,-1,201.0,2025,Aaron Jones,8400000,10000000,running-back
425,Vikings,4,5,0,0.444,-1,201.0,2025,Justin Jefferson,15167600,31930000,wide-receiver
426,Buccaneers,6,3,0,0.667,3,220.0,2025,Rachaad White,3633727,3406000,running-back
427,Buccaneers,6,3,0,0.667,3,220.0,2025,Chris Godwin,12938000,22000000,wide-receiver
428,Panthers,5,5,0,0.5,0,177.0,2025,Chuba Hubbard,5756100,4000000,running-back
429,Panthers,5,5,0,0.5,0,177.0,2025,Tetairoa McMillan,5078253,17793012,wide-receiver
430,Falcons,3,6,0,0.333,-3,168.0,2025,Bijan Robinson,5988694,2746232,running-back
431,Falcons,3,6,0,0.333,-3,168.0,2025,Darnell Mooney,8480000,9510000,wide-receiver
432,Saints,2,8,0,0.2,-6,155.0,2025,Alvin Kamara,10061471,2990000,running-back
433,Saints,2,8,0,0.2,-6,155.0,2025,Brandin Cooks,3154118,6560000,wide-receiver
434,Rams,7,2,0,0.778,5,251.0,2025,Kyren Williams,2465102,6250000,running-back
435,Rams,7,2,0,0.778,5,251.0,2025,Davante Adams,12000000,20000000,wide-receiver
436,Seahawks,7,2,0,0.778,5,275.0,2025,Kenneth Walker III,2685957,1856124,running-back
437,Seahawks,7,2,0,0.778,5,275.0,2025,Cooper Kupp,9350000,17500000,wide-receiver
438,49ers,6,4,0,0.6,2,220.0,2025,Christian McCaffrey,8369119,16200000,running-back
439,49ers,6,4,0,0.6,2,220.0,2025,Brandon Aiyuk,9917105,24775000,wide-receiver
440,Cardinals,3,6,0,0.333,-3,202.0,2025,James Conner,6470000,4250000,running-back
441,Cardinals,3,6,0,0.333,-3,202.0,2025,Greg Dortch,3263000,3263000,wide-receiver
